lat,lon,date,sst,chlor_a,precip,flood_inundation,drought_index,population_density,water_access_pct,sanitation_score,mobility_index,clinic_reports,risk_score
-9.09545422178924,29.75990992289793,2022-04-30,26.402961560968063,0.7787061006910363,118.61822027923209,0.5999671000772689,-1.0746440660047902,772.6834896082388,60.052169086641804,54.088901245893176,0.9233980890023739,0.23889990940036288,29.53634393091171
9.391692555291172,43.253984700833435,2023-07-04,23.82837117517136,1.082020671429599,93.54568527455554,0.07051201625927467,0.3723216659304936,583.9584082237463,57.06376440243626,57.18204317271542,0.8638994415044893,0.2653205005580682,27.81532584583199
-4.204970941724639,24.83663861762013,2021-10-08,21.43608122856164,0.24932846637368206,0.0,0.6247123101599534,0.9140739537314435,531.1664676277082,56.82781769057144,51.23409707068696,0.9481828400006961,0.40860492689949635,34.942470602968626
2.1508970380287673,25.115723710618745,2022-04-05,26.787164683393822,1.092306884137939,116.22231421897767,0.41097986395194425,-0.5521081015518813,275.7452116207979,67.28052893019692,65.96395147636098,1.246549993417849,0.39734536616042904,21.75676725125775
-7.181515500504747,44.06590942262119,2021-04-26,24.531956753071555,0.8818753201639304,171.88716445333546,0.6659937013285554,-1.2251104354889046,501.2065126755262,59.63142845977364,53.77062023303686,1.947103522012528,1.936138091383277,71.00957518717527
-9.889557657527952,44.463842853645026,2022-11-15,21.887178819301393,0.3713585692805958,31.422832802231675,1.0,1.1351240462703744,727.4535097521309,53.30902466490406,52.51523231268992,1.3889306360674631,0.5683454539270115,44.717197370303424
-7.608115081233966,41.39734361668985,2021-01-29,24.939011257058585,0.8060256570423167,41.53339491782546,1.0,0.1705953249984351,598.4873725864936,58.859583726580375,59.28983623954565,1.0070324863208189,1.2344114104229054,40.67589979712299
-4.157107029295637,30.99085529881075,2021-06-24,24.099170241791263,0.6696336110156434,103.64514631496681,0.32969684842134234,0.30146977558678045,484.7267266070278,66.84134275686101,61.70011685809419,0.9396345201719212,0.5807805530380321,26.401483910950958
5.444895385933148,25.96147044602517,2023-01-02,24.454117728104382,0.9293164813716527,42.96005908535827,0.6534429718804171,0.05482816413243107,523.3443089962564,64.59791357015501,59.681003734177544,1.2466057950305487,0.48698597258079274,28.799698950389626
2.6680751302084693,46.143817705631534,2021-05-10,25.965158669354455,1.122529328467412,149.29587033373943,0.37198881880358087,-0.8921735633576983,455.2046463362485,67.46837533714867,55.44243650154107,1.6233565382722672,1.4901116777696926,53.156849794289066
0.45465658763988115,32.82623055075649,2021-04-06,26.845684509731456,1.0817955718271572,116.30935212185399,0.4996388703815862,-0.408910743218294,315.1099940956827,74.04946426602623,56.90193417561821,0.9013714094999021,0.8907414676008176,24.47261663366244
-9.371416286265315,39.09231233791341,2023-08-08,19.785523204942937,0.33580237469732005,74.97884068214948,0.5719336775434795,0.46780392271119386,705.1723190880366,56.10163670203024,56.88720055908402,0.9419311924303468,0.753893446723594,39.12804583476696
2.2370578944475894,24.184815819561255,2021-01-10,25.582766944551118,0.8882484522182794,73.94271998691927,0.7175383567960368,-0.6249619114496117,322.7770574294259,57.747409416817774,65.56293691555832,1.1391332678653379,0.4793016390182298,29.50416557442004
-4.204970941724639,24.83663861762013,2022-12-30,22.98226498645755,0.5665811223523112,116.58027292909833,0.8873240827566518,-0.36960377603460937,516.1897040953999,67.75661260198379,53.968301990010296,1.121211534286985,0.2273616207720242,28.007433573713158
-9.312229577695632,47.27961206236346,2023-01-28,25.206282336091967,0.8083122743557427,70.24891005443072,1.0,0.4887794338507599,648.5480809362233,59.561565411652474,51.87714271460672,1.063436342041579,0.24498209616743571,34.89857506927513
0.45465658763988115,32.82623055075649,2023-06-24,23.43700843664734,0.8311723545366806,87.93243710263101,0.22663859301092598,0.09664854016631727,291.16966036197056,69.76091788815181,56.878665330426784,0.9062183457007278,0.5507105886582665,23.131231915923905
-8.508987126404584,49.60660809801552,2023-07-10,22.862070134580083,0.6579180144520037,62.41541452632478,0.5633078042891082,-0.2774195035340086,607.5466950577811,52.79046789083205,61.31318544735238,0.970319349249035,0.06191961157905579,29.84985213708185
4.639878836228101,37.959754525911094,2022-12-04,23.285812564298293,0.8724592594041272,67.11816329237233,0.7219103048894819,0.25378338699926317,474.68947094135655,66.56959327269081,50.39647328050944,1.2244233259994939,0.7055572712466593,35.832097934057416
2.022300234864176,41.242177333881365,2021-08-15,21.571138342982636,0.7089991545390412,34.3528034826208,0.3248568648214464,1.2203883422936292,377.6117201359306,67.3245439611979,57.835401567448116,1.0242832626944822,0.48912121014577903,26.00008471633632
7.744254851526531,34.16644775485848,2023-08-13,24.086533858771574,0.8137514713141257,4.358446204824027,0.12760543178281844,1.2280328417106239,576.2606959293731,53.61174307101011,52.54746716188441,0.9340079124575966,0.9059399618513144,39.445616207545136
-2.22645420621036,28.140470953216877,2023-06-18,24.559423585437017,0.7552178812376522,108.88072911455508,0.2679956603400596,0.028777178363885325,504.2746130279354,65.20769209780059,61.868538487908864,0.894814998682667,0.48946724870637764,25.874278960974667
6.073441537982289,25.597101766581076,2023-07-14,24.28330584758395,0.7881109832847372,86.16603479944621,0.042396425494495404,0.8497474980259554,561.9129863309469,63.419762503437624,55.92183146706638,1.1764683163260425,0.07369017555376273,25.913828750571454
-4.204970941724639,24.83663861762013,2022-11-21,22.084187829080513,0.4003154389320085,58.513271396747534,0.819015506343666,0.06635605642455444,496.6353396001806,62.498582655989054,55.36028707378653,1.0165045804245152,0.2422109233591132,29.67307423614347
5.425406933718914,22.221339552022712,2023-10-07,22.174361242775426,0.5295057662902,0.0,0.36138816100309384,0.5554652497867039,477.94046012474143,65.72773892995643,65.92395031583357,1.007631445415515,1.125604139037534,31.363563752497406
-3.3820395029470163,21.90675050858071,2023-11-01,20.305934921511266,0.4238212974860534,22.015920985560363,0.7009740812694072,1.4477448115969738,476.91448999246023,60.534119300292325,57.82203231160479,1.363937927119438,0.0,30.881014649550778
7.744254851526531,34.16644775485848,2021-08-09,23.115478331926745,0.8187852505891876,34.95788641685622,0.1143450969950689,0.27730659187551376,513.3812000575626,50.64725357910041,59.997790140945405,0.7391583499259876,1.163140317053461,39.89669410348943
-3.9151551408092455,35.74269294896713,2023-03-27,24.815991787674726,1.031122330946324,171.654898415666,0.6799056478559911,-1.1783672432955474,476.22272260138544,55.95516972665032,66.08034184198716,1.4139905614527808,0.33767466867770823,40.616566015204384
0.934205586865593,25.545633665765813,2023-11-29,22.0246224072511,0.5692723765014083,13.778323496727474,0.7192390077638584,0.6318048516013167,360.4941344729525,68.74684042594373,71.55840251060914,1.0962547720749978,0.7383412553682082,24.05724828779459
-9.491617465118097,23.236742809799132,2022-12-05,21.42000663412019,0.31209708367998845,45.38380632563245,0.9793192272661785,0.43575254249330997,735.8228274911032,56.010398585968225,56.719605385233294,1.4386447432833318,0.28298312609489207,39.62770717859393
-9.312229577695632,47.27961206236346,2022-05-09,24.642853243105687,0.7714520522196723,83.28284047524363,0.6831529989634926,-2.1032206924085513,784.637289043296,60.02533039136002,65.7021654047666,1.0647312574648706,0.6188666542010333,29.636871837031954
-6.363500655857988,25.502135295603015,2021-01-27,23.30064555166725,0.6218946848170702,121.3915474614462,0.9139439973229135,-0.1494898153303041,438.9821024841629,58.506199811413296,61.609246816999885,0.9314973328846885,0.9822587020886491,38.60161864561175
-2.50919762305275,48.52142919229748,2022-10-07,20.437072392128027,0.5545515605222151,66.15217352756292,0.7350872058575507,1.1049371439484281,449.9436781737349,63.136630204958315,63.12145651994202,1.2590865594846212,0.543302427568252,32.03127974450144
8.15132947852186,27.47876687446625,2023-10-01,22.714983409160716,0.7517011082645736,10.841088141663374,0.2973662703556017,0.19815119294527106,697.0249363826913,59.93860238255403,63.340571326191935,1.054962928763831,0.5786086790908099,29.722358334053652
7.744254851526531,34.16644775485848,2021-07-02,25.45711732000347,0.9764885315115793,83.97897385583417,0.05084772600934695,0.12335378959484274,492.19965026845443,55.7194856937657,47.61444553801731,0.5721249667023665,0.6542017008477607,33.41365304795694
8.15132947852186,27.47876687446625,2023-04-20,26.754170147129226,1.267656804189082,154.20398714656653,0.20091782228999677,-1.2678721400202033,653.6435798298827,53.76300696035322,57.847836620989845,0.9582428829059457,0.7635164330832902,37.47588880160962
2.6680751302084693,46.143817705631534,2023-11-16,22.874116810955456,0.6903468738283036,30.322111105212425,0.77199225559522,0.10481464966598675,441.6483700340354,62.35982842662562,64.32302145629589,1.0732952999811758,0.7935345575320452,31.619084363001875
8.15132947852186,27.47876687446625,2021-07-21,24.54327859411467,0.9494257855180717,73.16551351338705,0.012818956216468724,0.2453077039142629,703.3372377689082,56.67930924598728,51.632393017184164,1.1048612028146148,0.22953439303498196,32.766618863394854
-8.69896814029441,48.466566117599996,2021-09-25,19.317967615760068,0.3793264699116252,46.394931907060894,0.8276052693381653,0.8068810283272705,680.4268501931856,51.240940812599895,55.63193574791351,1.3162945845761285,0.0,38.76250384951049
8.15132947852186,27.47876687446625,2022-01-13,25.585183114508823,1.1061247840866804,67.67206998994196,0.5885945685438869,-0.05503307010326819,585.4526905170089,53.501044366134494,51.09856078814377,1.150690390607266,0.4104756258919931,37.27137430315819
4.639878836228101,37.959754525911094,2022-06-01,25.84033550202046,1.118150605959983,55.02604620140053,0.19414254962474298,-0.6566303858722067,501.87869717749027,61.13001211670377,61.55036676543444,1.19300894892053,0.47733070094085994,27.15385088401045
-4.204970941724639,24.83663861762013,2022-09-13,21.906252470699147,0.3006408302099281,24.14343050948865,0.49712258870321646,1.382156246691815,392.721439987198,63.28784346442744,61.4828673299682,0.6981606129413744,1.0629319881278043,33.13311889932809
7.8511799697995555,36.180267257469524,2021-01-02,25.176174914163855,1.0774303309639406,120.31142713293997,0.6614111693600527,0.025094880269200717,652.3632874032124,54.85265596367174,44.799867983855904,0.6838467272154645,0.4902328274985565,37.71761923402571
7.8511799697995555,36.180267257469524,2023-08-13,23.296165822488373,0.8011346882130567,26.375950702640367,0.13835776717673318,0.7556991442149527,724.7651545654383,56.08965578628546,58.20622375413779,0.9016773702929866,0.2977774569132138,30.183266021971175
6.648852816008435,26.370173320348286,2021-06-19,24.592777903210838,1.032389681247847,78.24020185931418,0.033164953902289906,0.31435618317704084,532.2585054346816,61.387473879002755,54.927083658678555,0.870261875907686,0.6420770784509213,30.072445389530802
-9.889557657527952,44.463842853645026,2021-01-05,23.42625567990791,0.6134949955863622,132.28810240380892,1.0,0.060577939062125774,689.3374566895947,53.59285498788698,56.26244000540855,1.7102344882781089,1.6226949812153775,69.05171533524828
9.391692555291172,43.253984700833435,2021-09-07,22.935917289059216,0.83555225351314,22.379906424033628,0.2509714065051767,0.5177634003517168,686.9004000378684,56.60367519013801,50.196808172362395,1.0950406707864362,0.39672368883055226,35.40866509463538
5.215700972337949,36.838315927084885,2021-11-02,22.991966689681316,0.7476813412257794,2.1412961480992116,0.589986227798162,0.7577295287421805,481.5284289632469,62.97655910728821,57.3425757976536,1.029912698593038,0.5919592483036002,30.201312653965076
-6.87962719115127,24.67983561008608,2021-12-14,23.00218268581433,0.4189153584685198,12.42330210950616,0.9404351403525342,0.028788803788873052,659.76890885222,62.58535287426126,63.22731459879969,0.9944914065573522,0.29166699678518293,27.13073806615808
1.9579995762217028,47.6562270506935,2021-06-07,24.97935939714473,1.0023216219359612,85.72821412877683,0.31171243020786266,-0.4680137119440127,425.8830189156631,72.74987515546555,72.364963917275,0.9447809758497949,0.19871222907948072,12.484100401125486
-0.8786003156592814,43.55527884179041,2021-08-14,21.477431489876242,0.5584951599657194,58.60071078630119,0.4092519786860111,0.06942936824132451,417.76711067394876,73.36808695270489,63.5442978858106,1.200078431972253,0.17178734014938657,18.855126881532012
4.639878836228101,37.959754525911094,2023-07-26,24.227400711494,0.882021274281564,82.83438343444308,0.18002229854248658,0.07334666946060314,578.629355464077,59.363521501687075,52.60476654806158,0.9576914472456699,0.016851629551472735,27.37171925990427
-7.608115081233966,41.39734361668985,2022-03-31,27.18179026072875,0.9387860556015473,161.2657613939387,0.789306663706315,-0.7643567820507478,610.4533410355148,60.26356178648555,63.96950464987082,1.8557985542355024,2.186669976506147,70.35502946505491
-4.381309806252385,36.28088249474745,2022-11-27,21.823358463935246,0.48826932849379223,13.158326239551002,0.9181386933395304,0.3409708659829669,573.2462802669195,59.842031434965556,53.58381026463645,1.0249526305540817,0.7122217027834732,36.46122619488394
-3.9077246165325863,22.930163420191516,2021-09-24,20.47357043729374,0.33942562952507493,27.238697691300672,0.5324471583359413,0.9451564552380822,488.869411523448,62.584634330638906,65.57909010998907,1.2091279579033722,0.1618995394980296,26.67443953280786
7.8511799697995555,36.180267257469524,2021-06-01,24.122611734071075,1.1466763915108495,83.03939890481337,0.10199677282917952,0.07528260582298874,621.2116684364204,54.04461712060849,55.06793611624357,1.075769874102137,0.20562744030811536,30.161804608298844
-6.87962719115127,24.67983561008608,2023-03-20,25.37294527908107,0.7523145907843996,131.28474964636075,0.7159839776349369,-1.1139102261965537,575.8935305383989,62.95076971144801,58.64124002628325,1.3662473190850533,0.4702509668505833,35.313505460644606
8.15132947852186,27.47876687446625,2021-11-27,23.467964642374326,0.7592177362351448,63.022920720137044,0.5461419404182996,0.9442795066971164,642.3647139633781,53.96727278847283,65.58092463462097,1.3826423014357976,0.09196331093675414,32.23824640081181
5.41934359909122,34.813867890931725,2022-03-11,26.926488119137094,1.2491405958924922,147.16679385592838,0.5205850009455354,-0.7283590418295721,573.6491022529228,62.412039281874,57.13483561484712,1.508705978348961,1.1406306368935124,44.532485298987616
-9.312229577695632,47.27961206236346,2021-11-10,20.2388530627919,0.37857274501970606,2.485833788397457,1.0,0.9890636681442171,652.1412125405037,61.038706359502875,56.03981055228758,0.8523839507958713,0.4813751912193165,31.558884911657543
-4.824400367999662,39.87566853061946,2021-04-24,25.982333932129304,0.9536596624887346,131.19213579080818,0.5886076999907902,-0.7731985494831759,451.3829640996028,67.49963303815971,60.942562733567826,1.1267075302388816,0.18729325971011002,24.560298844121995
-9.889557657527952,44.463842853645026,2022-07-21,21.333640698116355,0.49488301129776935,65.15691079140689,0.5770749744789059,0.04950675808856214,787.420289305323,56.46405124985205,64.83793823491939,0.796563279746211,0.9892526781144799,36.87717059667741
-8.508987126404584,49.60660809801552,2023-09-28,20.917352546006125,0.2845438588524559,39.15499290864437,0.8459056489834884,1.7880264344807408,647.1408890308197,58.679662677964274,54.84577907100193,0.7823854817457255,0.3638875390537327,33.919625106881156
-8.83832775663601,45.98528437324806,2023-06-03,23.93106675769316,0.6832832487580659,141.7387553376961,0.5795790155841313,-0.6655428658228708,655.5464479167624,59.21814386089807,56.6764145689507,1.3423624406861963,1.0435566923580912,46.8086389247443
5.444895385933148,25.96147044602517,2023-03-20,27.099036640917678,1.230644500336526,173.54140411762583,0.41641514544742037,-0.7012767984881108,526.3017081903535,64.25716432120166,62.51508728306802,1.7223207282612514,1.1171627209202204,49.19785824253692
-8.69896814029441,48.466566117599996,2023-06-03,24.85611339393047,0.7226059155439937,114.78959191064585,0.5926369034712708,-1.0644711137634575,672.3834636275839,56.94059984173791,49.783943052749564,0.9077959701802486,0.6913972029316456,37.93831059922455
1.9579995762217028,47.6562270506935,2023-05-19,25.805254417493035,1.2155968571343794,107.85742898407709,0.3656766361150072,-1.1592478685703824,363.78340255178284,67.84605123585096,64.05541328763339,1.1455999558300873,0.573507320159846,23.002748504904947
-0.8786003156592814,43.55527884179041,2022-01-05,24.402574920666126,0.9121166224300582,79.51300546978524,0.9278896526504671,-0.10905029969118724,473.38746490294363,72.05271334490712,58.509646355852304,0.999210786718992,0.48211499361063404,24.372337101431018
-2.22645420621036,28.140470953216877,2023-09-12,21.00769586199743,0.409417706164817,8.74282230131038,0.4647737749333064,0.9502554349992515,386.4048853823265,69.91021086552426,47.14649663770993,1.1405877047663668,0.1669722434960983,27.239229903305727
-3.765778478211781,35.602040635334326,2021-03-10,26.046825413297533,0.9382527549629678,134.5746869693383,0.7602739806279974,-1.3265046606407076,463.7764759527054,61.30141388897321,60.58736326289582,0.9300832401564886,0.951528193292282,33.61353960439913
5.444895385933148,25.96147044602517,2023-12-30,24.55210858917921,0.9322759910380783,71.74513769704772,0.6535763034212406,0.5769022400977601,460.57549154824864,61.928847579539024,55.15526418150594,1.0058066917801423,0.7105498429524164,33.2597166814864
7.262068517511871,38.69894380482674,2022-04-22,27.400030234934725,1.387336084779497,182.56210858614435,0.28821367585234636,-0.640860799430747,559.5647004219148,61.74314894082542,55.01480462609112,1.5532976375816325,1.2111198481350955,60.73722205805545
-1.3610996271576847,28.73687420594126,2023-08-27,21.544573473422684,0.46995657960770504,35.68024746295924,0.373328101436075,0.8639688179378989,304.2240832401962,70.33272371343409,63.65655943751103,1.1000178515528878,0.6563652720908111,25.616196166571818
-6.87962719115127,24.67983561008608,2023-10-12,21.094161380554304,0.20521814725121967,0.0,0.7109250584372713,0.5831980031094891,538.9836114179668,61.25457813243645,56.923235570843666,1.051221697376966,0.37173799888921494,32.06375342855361
7.262068517511871,38.69894380482674,2021-06-10,24.875326564311667,1.156735800109798,80.6309690204769,0.11342114847536089,0.2713226052498344,634.6670395883059,51.78711685362639,68.56135642119702,1.0702819376289696,0.5263829100181722,30.85097010325998
-9.588310114083951,49.09729556485983,2023-06-02,24.293956985901872,0.7358644791424874,108.98495267571758,0.6215475922011734,-0.3896994846645199,727.2658297168546,59.47940687123863,48.53603035041792,0.9767099673660912,0.0,31.423349693594837
-7.181515500504747,44.06590942262119,2023-07-13,21.839917218752802,0.6267920641975928,52.81506859157521,0.49583653555493706,0.1880012913153503,561.050908909152,60.1230884949171,54.736488749688085,1.040529485648622,0.35743473315021673,31.94965539121256
7.262068517511871,38.69894380482674,2023-09-26,21.451530238928044,0.8065240103646167,41.62018862844665,0.368604993828588,1.2147072111365367,570.8002538728632,56.57008467810519,53.086184525261764,1.0882147073770971,0.28704623122417283,33.91355575069266
-8.23014995896161,25.879485872574357,2022-02-10,26.092940384958318,0.7173309420254751,122.76104491097949,0.9232815990561016,-0.770019998645174,692.714123970484,59.90997914513159,64.49670650468877,0.6615996112065616,0.2032160602653737,25.889426305246346
-6.87962719115127,24.67983561008608,2022-11-09,21.563914267687238,0.23897133301146986,10.236203135860553,0.8408127557415962,1.1821614641844285,631.2708984196353,49.59352292938993,50.39275636808624,0.890761660574681,1.3279434246069495,50.777163746714166
1.9579995762217028,47.6562270506935,2023-12-29,22.864592943092546,0.9876883508044507,70.68624856313015,0.8852470778209922,-0.8361267085091773,438.32138108230527,65.78862146977447,65.25828626448556,1.1322155823095135,0.8006275850745922,28.241643087872436
2.1508970380287673,25.115723710618745,2021-12-04,23.26328435548549,0.6287629333561983,41.40213871761148,0.6985079777425163,0.599794253151047,411.92924556833214,71.5046132416932,58.5627961991164,0.8981096703128397,0.1015958152053077,18.77111384759836
6.574750183038587,30.70259980080768,2022-06-04,25.169377624475036,1.0704151788824132,74.47666342589577,0.08997363783235018,-0.7464675958494074,533.3155750776868,52.81348254969818,48.129617753793994,0.9824997245323324,0.4826475149028207,35.34615498768277
5.41934359909122,34.813867890931725,2023-01-19,26.16426058176155,1.022770325753324,120.51396333072933,0.6973718552184203,0.2429323803286519,487.34476278015984,54.86063424113654,53.08761346678924,0.590087329375705,0.726480631410203,35.71986459380926
-3.765778478211781,35.602040635334326,2021-05-14,25.842537362250187,0.9536068531437876,140.49237719518143,0.44678007892059735,-1.0605935106189015,449.007382017832,58.02991522090329,50.53808200976556,1.317082264441371,1.6662474937396266,56.41817372823135
-3.3820395029470163,21.90675050858071,2021-10-15,21.505479489443637,0.27268130841334215,36.239609222381496,0.6201175742596606,0.8722524432796445,541.1771215478559,66.6610726076479,53.07363331353773,1.220708826723394,0.8583346724584986,37.06586246467037
-3.3820395029470163,21.90675050858071,2022-08-07,21.048101165752378,0.3660649092810524,41.210315097561974,0.3045575593183959,0.17726567007024147,363.78425034227485,62.09141533720745,56.46048567079779,0.8668823591215444,0.7459029624143296,31.00491304827798
-3.765778478211781,35.602040635334326,2021-02-09,25.97752345129915,0.815369940156262,103.12298385793314,0.879805041540606,-1.590123604805028,469.39704909144984,72.44861278079901,68.99941514160743,0.9869228809794286,1.1753448008194618,25.165090011183096
3.684660530243138,33.20457481218804,2022-01-18,25.17979077607462,1.0494466820521011,119.12004228819988,0.7316272582109611,-0.05179201105230474,450.50174165424875,59.49738035096813,60.45679883305095,1.0272449239151085,0.4921142784657091,32.15623462951786
0.45465658763988115,32.82623055075649,2023-08-10,22.40094112512074,0.555169056922156,40.539137870491835,0.2908626448886249,0.08280015631948445,241.24572465979412,71.4170927777341,71.27398981180097,1.080587965666218,0.0,13.5204036382027
-3.780353565686756,29.75549966080241,2021-07-15,23.989305362962124,0.523134356365563,72.89540629168468,0.31761000237753967,0.5043041825206962,470.6258828233567,67.79934706142781,68.56827890565413,0.8369868913125766,0.42996887224272606,21.17737143816134
5.41934359909122,34.813867890931725,2021-07-13,24.487316153531072,0.9123875603075419,56.13723833177091,0.11913478118710807,0.12516929473579375,457.93948575668645,65.32736714960146,68.92285253149694,1.184397387005206,0.4802224837248883,23.43947475701714
-8.508987126404584,49.60660809801552,2022-05-12,25.25221334232687,0.8399243573651288,129.97337908751123,0.666497631511353,-0.39063908631457117,622.7799474200202,56.71234564062976,59.65007800600082,0.7956548452384449,0.3773208189109707,30.717331114055366
-9.09545422178924,29.75990992289793,2021-08-03,21.797404195922073,0.3178334250503957,71.90554586565847,0.4881901448295346,-0.18881846345861064,735.4826056849562,59.75600647050463,40.62990431054904,1.1641225146554857,0.4078993642716371,40.50348221681263
2.1508970380287673,25.115723710618745,2022-10-22,20.530844659593065,0.5310805672314438,0.0,0.5376418704366768,1.1989681162808101,423.1572254387543,67.18286095165442,56.728025437384105,1.0146438468533632,0.4604777672494466,26.58399024544309
-2.50919762305275,48.52142919229748,2022-07-29,22.41843384642106,0.6150949245378632,40.069707765357236,0.435864528927899,0.6948446030401788,357.98063271550427,68.82502180510747,70.92278353681459,1.0487096879617106,0.8705440798642611,25.319055634580433
-7.5592353031044235,34.85530730333811,2021-03-20,25.696238765506504,0.8809128253808184,145.54017470690434,0.8008106583887793,-1.1238799221302316,513.8577126744552,59.42834358852071,55.23443268374335,1.100404122706676,1.2993358812645144,49.7456081379265
-9.491617465118097,23.236742809799132,2023-09-01,20.783400047388742,0.15566786583232145,75.46154577085159,0.5618601220978955,0.7364030601656373,699.5466228696671,52.61960999430034,47.87793483206662,1.0263700813668855,0.0,37.750573365097736
-4.824400367999662,39.87566853061946,2022-06-06,24.938874569889798,0.8440725478216728,101.01648202904103,0.4315565091033687,-0.7796315638979583,482.5567567023484,64.24911460447619,69.64083761155524,0.9113008867976533,0.7162226284543807,25.013706470421145
-9.889557657527952,44.463842853645026,2021-11-25,20.44361864044274,0.4436154739289879,18.29524935671716,1.0,0.04742817581216552,628.0894750793874,60.64560647214766,51.85023990451327,0.9383460800981497,0.23407457630039452,31.92890222780646
-7.608115081233966,41.39734361668985,2021-07-17,20.754036448107456,0.5312558571891779,76.86469027047268,0.4934675817680752,0.4632040482891746,672.0166658451873,57.566754765643324,50.67670196922489,0.8635858967484416,0.4123076752223984,35.10767377233144
-7.181515500504747,44.06590942262119,2021-02-09,25.310975834594785,0.7940736214027189,125.27949636593387,1.0,-0.25652586022452056,611.9531681406168,59.09519853126898,65.31018931583229,1.0153798839594776,1.2920253908230959,39.777987062038754
1.8482913772408494,21.393512381599933,2022-01-23,24.940688804843436,0.8391878457343072,139.0719680390022,0.6898746627651247,-0.7127665427300804,367.98558839123285,68.70957847387392,67.03448260674527,1.1408797648860811,0.5546575789662047,28.923921345497153
-6.006524356832806,35.42703315240835,2022-04-26,25.552472550904,0.853982546006003,170.47276225458663,0.5790264142686712,-0.32239653190055784,458.2209816919258,58.82191383124325,57.005890683781,1.5371207584141864,1.817204524375276,63.79244479709644
-7.5592353031044235,34.85530730333811,2022-12-16,21.172128566574518,0.5181523343942652,103.65516677423193,1.0,-0.15843951462992079,598.6659398644883,63.14146332034412,47.17895612173619,1.112877670420414,0.38156555563180833,36.26722326974808
6.574750183038587,30.70259980080768,2022-01-19,25.84059812264799,1.0246240693375848,140.99371110556228,0.6410782366855757,-0.21495621319317293,562.1236894142917,67.69378256576658,61.01678854505513,1.4367039916681839,0.7580491496622931,39.0548674758313
6.574750183038587,30.70259980080768,2023-05-04,27.328855112857923,1.1587178880357945,120.93147565510694,0.19667014327845952,-1.2580659998603645,610.5315922660609,55.821464356989075,53.858704750840694,0.9071009386133531,0.5871377295769062,32.64135915139103
-7.608115081233966,41.39734361668985,2022-07-08,23.168159428020637,0.6530578028710716,67.54304051289782,0.4847278603445948,0.44557169307154376,601.5821963011653,56.44030163808848,49.904589371575724,0.9964604406816281,0.8654755079594965,41.853029539282275
3.684660530243138,33.20457481218804,2021-11-17,22.717860705748542,0.7364044844881144,38.01394492405041,0.6638962429224116,1.1508394062163387,447.46560068769236,63.33413503787668,61.1687739571745,0.8902003280519772,1.4397506600263308,38.06848858338686
4.592123566761281,39.12672414065639,2022-01-24,25.847432263143823,1.088421598035673,139.5432801344616,0.7374676915821967,0.3435627792121905,417.2772636873172,66.90168667086292,53.43671386271693,1.1783902360025715,0.9164692478976173,39.650437213721936
-2.50919762305275,48.52142919229748,2023-10-12,21.248961040782916,0.5275249915089179,22.795002286068556,0.760608276449551,1.498549908544629,340.7154096765554,68.36257651616475,67.93256636566136,1.1218142652901184,0.0,20.014420253088534
-3.9151551408092455,35.74269294896713,2023-09-04,21.252592208292587,0.4442448448816975,21.049317728407452,0.5195167114152947,0.9750022662001715,405.06746741467583,65.19850243530311,65.29181138838466,1.3173488723568196,0.20484933152171575,26.058553816631708
-9.312229577695632,47.27961206236346,2021-05-06,24.8511059286892,0.8546034527020603,161.61391603670302,0.6957246025756716,-0.4988565401265364,637.6443811070877,53.60957964263502,47.11306389735223,1.4534031369731477,2.0043379148168907,71.0267279104611
-3.7128803784734665,35.25712073494108,2023-04-05,26.802238437375248,1.0543528751383544,173.38967063101052,0.6251836128599825,-1.885106774374728,422.1700165837324,72.92601960931037,49.09346348166241,1.5321903406364936,0.48132190788665596,36.690378576312646
-9.312229577695632,47.27961206236346,2021-12-02,21.764191824839184,0.49172704105015075,17.00221578404267,1.0,0.3166912752022892,615.1296485512132,57.33563893993794,53.878120228188834,0.857109677231541,0.16851678143529425,31.727585864434566
-9.09545422178924,29.75990992289793,2022-06-04,23.94658963719874,0.6100744475515133,113.33969252543314,0.47544414876698093,0.09706192292254245,819.5619295664569,56.88115186853383,60.479915391568994,1.1093418308381442,0.5370283748426348,37.24816616383642
6.648852816008435,26.370173320348286,2021-02-05,26.77581442477536,1.0572234886520484,153.49955944594615,0.5704603297879097,-0.8886558145934699,503.10340232757846,59.316426675529954,56.57224604894798,1.595321913690399,1.4494337412839495,58.34110418004257
-9.371416286265315,39.09231233791341,2023-06-18,23.66987074869881,0.6542312947339805,70.66881768079382,0.5196319882394104,-0.11591974743627259,642.8067083551565,60.19080141682759,51.32696343680424,0.9187173321730963,0.6065379370985925,34.83918579256603
9.312640661491187,44.25192044349384,2023-05-22,24.722502684389607,1.280125103438997,122.27715746800592,0.1488658072959649,-1.0872247627519833,678.6932837068292,56.92398067187152,55.022656579615095,1.181205652843996,0.38832948742442963,32.06679693784498
-5.424036690167551,22.30939729486379,2022-12-21,21.769675323501414,0.5318869380062888,68.87459730300237,0.8965629312467656,0.6120783320945581,536.6201660216992,61.47580490159041,60.2475919587616,0.7184354171766407,1.3901791869282143,38.96548779023284
-2.50919762305275,48.52142919229748,2022-08-13,21.598702956851014,0.6240477733263405,62.84522326308672,0.4796416198968939,1.0469381629525156,365.7755257619465,60.4042761227568,59.2140261802941,1.1912354732515653,0.5308616263198457,34.28327232152002
-9.371416286265315,39.09231233791341,2021-07-25,23.101608053365535,0.36941251066785663,74.7575053028595,0.5357816984938057,0.4897983674038222,775.8111520249948,50.37255181423912,46.7289038425785,0.84822523443483,0.44817570792344835,42.231118887414645
-3.780353565686756,29.75549966080241,2023-08-16,21.494318647537977,0.42645097440259333,43.650972791570275,0.3969575000681803,1.3984266401275194,455.6486373179429,72.31153610453434,63.01899620566175,0.8921313908493749,0.6162292356672547,23.496848183301463
6.574750183038587,30.70259980080768,2022-08-05,22.054625621995875,0.7560163921068226,35.34815896458193,0.10835088461040207,0.892404085259462,606.151036381573,57.209955416840195,66.23030041417306,1.0970003624607254,0.6483799729841937,31.321645222917038
-2.22645420621036,28.140470953216877,2022-05-04,26.297829932749142,0.9833508973743874,155.3191671665815,0.39961939402574453,-0.8869927321690064,419.12247214394483,65.45712899906465,53.61548840820885,1.828804336053706,0.8942236235086376,50.76039913157997
-7.5592353031044235,34.85530730333811,2021-08-23,20.84166930490676,0.32306336640550704,6.613441469164556,0.5524148436211137,1.4662447038692341,601.9421799507385,55.26295783482209,63.857710251419036,1.0657087862883199,1.1322946143441,41.250724406512454
-3.780353565686756,29.75549966080241,2023-10-01,21.057471076778484,0.39242883551388963,37.220642472215225,0.6108365650363914,1.2551544859177879,516.2816382063246,61.02559380681981,54.600451821888925,0.8443857051360832,0.09537592461023381,28.17405138709563
-3.780353565686756,29.75549966080241,2022-02-12,24.718139707794652,0.8689591430846303,85.66826186858765,0.8310434097484503,-0.3650251484409813,390.11550202328414,66.60042399996702,60.270256096527035,1.0569845282491568,0.0401302281573408,21.814532897466876
0.45465658763988115,32.82623055075649,2023-03-07,26.90720082005671,1.0001520451416972,146.43774550011872,0.6504720502195398,-1.7341690525912128,222.47037305666936,71.816482235704,76.38647530235565,0.7708022297466482,1.0599718498431245,25.190303742141584
6.073441537982289,25.597101766581076,2022-12-10,23.554921761461173,0.8416144212637643,44.23633836284306,0.6160883581215943,-0.21676019885540776,537.8074870911173,50.59678456728456,52.0849909406974,1.1266994671443658,0.6117828357634048,40.5632385690617
0.934205586865593,25.545633665765813,2021-10-01,20.428273232012224,0.46694983679021623,54.95559357483483,0.46490681292233876,1.0148476075595088,317.8757386592459,70.35209383327731,59.55095206543585,1.3725819737931912,0.3850809925889571,27.46084481252125
1.8482913772408494,21.393512381599933,2021-05-21,26.202435789744836,0.9384857310239506,136.8919855884096,0.18643480389117426,-0.6731559055321142,390.28168281842403,69.94541389526135,72.64360239938993,1.0217602221325208,1.1526946381903633,29.973353671792925
5.425406933718914,22.221339552022712,2023-06-20,24.755660931402996,0.9005730052964585,110.11547399633827,0.0350330088953556,-0.14924266677338913,513.9793938977658,65.44995510625697,57.68301223029718,0.6181958240628482,0.42918347980758403,21.90923818716653
2.2370578944475894,24.184815819561255,2023-04-25,26.73019862649335,1.0605355967816543,123.15932665157648,0.3027094804844519,-0.7921887882589042,402.18347926979953,70.33194757770389,64.71869900627243,1.1871065336376085,0.039041791602772546,16.8058624548513
2.022300234864176,41.242177333881365,2023-03-16,27.084184733613082,1.1948224577668245,124.49092736260071,0.6238861016168454,-0.6284454945657114,420.5337413741356,67.76419832102123,59.602455967346394,1.0769717572955937,0.8171880733573721,28.574515267213556
9.391692555291172,43.253984700833435,2022-05-29,25.743864238731966,1.3229994728931536,139.6916189592891,0.11875033922461142,-0.6728138070776516,678.974993971685,52.19464872200465,45.70958010609111,0.9918161210108063,0.39705058182488573,39.61140226270296
8.789978831283783,46.844820512829465,2021-05-10,27.769154131001383,1.3236097915476575,145.71206731324986,0.2236145783246843,-1.085699581088799,680.4189329406328,57.23663746984352,58.79498542004089,1.4267582567797472,1.6498615060514834,51.42278177272099
6.574750183038587,30.70259980080768,2021-06-26,25.434762700077137,1.0412041957750353,121.8339719528652,0.05832549903841061,-0.6609942395861179,493.18373644986224,49.518676583586256,62.33371854591678,1.2476637688186354,0.5698518547650291,37.555690498656496
6.073441537982289,25.597101766581076,2023-07-27,24.534205273458983,0.8227671559258097,74.09665278495667,0.06392001636023065,-0.31691931769921705,558.8972263586677,60.63776846978791,53.62117214811698,1.2778987646998434,0.0012919610049836328,28.323049642288797
-9.312229577695632,47.27961206236346,2021-09-07,22.050091427885096,0.27472210526706947,26.794997070331725,0.7454069755733802,0.6884904385142864,691.7751851989458,54.8089984365485,46.14400722207656,1.0413679907952076,0.07896896560921235,37.84439291251408
-9.312229577695632,47.27961206236346,2021-11-07,20.34175131631799,0.4055888666324845,20.372816819526086,1.0,0.7846768585755005,623.6129034475798,61.48757334164217,39.692409541189974,0.8335991648407661,0.24066020930508697,35.620336627802736
-8.508987126404584,49.60660809801552,2022-03-21,25.796344673883766,0.9595997146094488,133.8977449083974,0.917837540071467,-0.8385600170408416,703.2940183878775,47.02915089580196,63.421044472748214,1.467703616443547,0.1724406563930173,43.330228168328354
-9.312229577695632,47.27961206236346,2022-04-02,25.91623366965035,0.9027721906813089,137.384144739481,0.8607967310356445,-1.3230646614200599,602.6447879933795,57.01200330807412,40.764267112562216,0.98292994350421,0.27112441628971184,40.71126486473984
-5.424036690167551,22.30939729486379,2023-07-01,24.63650751058478,0.5465569803273387,87.54779100288778,0.30100801148506773,0.10758588278665922,446.7614878913346,56.772919501341754,59.713629408885765,1.0247212412424942,0.756826545054383,35.99090389407104
-3.3820395029470163,21.90675050858071,2021-05-09,26.849913173060713,0.854455344103579,170.2700929785798,0.36574583673622546,-0.16682382158480769,479.16345425882747,65.66490869228394,69.07709518421908,1.887249944681189,1.9638546540481148,59.948129815973275
-3.9077246165325863,22.930163420191516,2021-02-13,26.19323973899683,0.8747185144723993,115.39624296953143,0.7852097956451611,0.012392758016915195,559.0449770665514,59.98806349499118,70.96226613858435,1.320386504765738,1.3715679221888069,45.67965240401578
0.45465658763988115,32.82623055075649,2023-04-30,27.06502891333374,1.127201562492967,168.86117767900436,0.381656467360598,-0.898806601141977,322.4204058434481,68.5077616741687,66.50632956822002,1.5297725969675666,0.9612501371615079,39.18681662553091
-4.381309806252385,36.28088249474745,2022-07-14,22.98653647319311,0.6424436478121394,72.05868101175908,0.37499041395480487,0.4003541088567709,452.0266695267018,63.67830338774699,57.21945498634953,0.9892276707685072,0.5854385286748068,30.264394279855388
-4.204970941724639,24.83663861762013,2023-06-12,24.997164225366966,0.7272676738664208,125.37793487107714,0.30411227834365706,0.02831597163998706,496.6721009553356,66.48620628423669,56.242544441781796,1.074412736433183,1.1636192637346863,38.018292921242754
-7.181515500504747,44.06590942262119,2022-02-18,23.880875901053738,0.8233355574446322,123.4997927838067,0.9894339030527126,-0.39963991964195267,604.0458745478049,57.06818991399627,53.81816813358763,1.1797664975043407,0.7830564317970661,41.101769473936166
0.934205586865593,25.545633665765813,2021-11-25,22.085413050873516,0.5322569766749329,31.497735246820014,0.7078295794859308,-0.006152702907124108,278.70926498698424,70.22843322925124,66.6915315387392,0.8470230700390168,0.5258725320990658,19.470137929310066
